Workbook

Sheet Summary
A1: MOROCCO 2027 - TRIP PAYMENT TRACKER
A2: As of: 31 March 2026
A4: TOTAL COLLECTED | B4: MEMBERS | C4: TARGET BUDGET | D4: PROGRESS
A5: =SUMIF(Members!C:C,">0",Members!C:C) -> 1600 | B5: =COUNTA(Members!B2:B18) -> 17 | C5: 5000 | D5: =A5/C5 -> 0.32

Sheet Members
A1: ID | B1: Full Name | C1: Amount Paid | D1: Target | E1: Remaining | F1: % Paid
A2: 1 | B2: Andreas Emmanuel Gloor | C2: =SUMIF(Transactions!$B:$B,B2,Transactions!$C:$C) -> 0 | D2: 5000 | E2: =D2-C2 -> 5000 | F2: =C2/D2 -> 0
A3: 2 | B3: Andrew knight | C3: =SUMIF(Transactions!$B:$B,B3,Transactions!$C:$C) -> 100 | D3: 5000 | E3: =D3-C3 -> 4900 | F3: =C3/D3 -> 0.02
A4: 3 | B4: Andrew Lewis | C4: =SUMIF(Transactions!$B:$B,B4,Transactions!$C:$C) -> 0 | D4: 5000 | E4: =D4-C4 -> 5000 | F4: =C4/D4 -> 0
A5: 4 | B5: Campbell Stafford harris | C5: =SUMIF(Transactions!$B:$B,B5,Transactions!$C:$C) -> 0 | D5: 5000 | E5: =D5-C5 -> 5000 | F5: =C5/D5 -> 0
A6: 5 | B6: Christian Stefan Doyle | C6: =SUMIF(Transactions!$B:$B,B6,Transactions!$C:$C) -> 0 | D6: 5000 | E6: =D6-C6 -> 5000 | F6: =C6/D6 -> 0
A7: 6 | B7: Daniel Mark Morgan | C7: =SUMIF(Transactions!$B:$B,B7,Transactions!$C:$C) -> 500 | D7: 5000 | E7: =D7-C7 -> 4500 | F7: =C7/D7 -> 0.1
A8: 7 | B8: Hamish Richard Gordon | C8: =SUMIF(Transactions!$B:$B,B8,Transactions!$C:$C) -> 0 | D8: 5000 | E8: =D8-C8 -> 5000 | F8: =C8/D8 -> 0
A9: 8 | B9: Jonathon Brauer | C9: =SUMIF(Transactions!$B:$B,B9,Transactions!$C:$C) -> 0 | D9: 5000 | E9: =D9-C9 -> 5000 | F9: =C9/D9 -> 0
A10: 9 | B10: Kristian Hugh Spencer | C10: =SUMIF(Transactions!$B:$B,B10,Transactions!$C:$C) -> 500 | D10: 5000 | E10: =D10-C10 -> 4500 | F10: =C10/D10 -> 0.1
A11: 10 | B11: Matthew James Hampton | C11: =SUMIF(Transactions!$B:$B,B11,Transactions!$C:$C) -> 0 | D11: 5000 | E11: =D11-C11 -> 5000 | F11: =C11/D11 -> 0
A12: 11 | B12: Reid Ballingall | C12: =SUMIF(Transactions!$B:$B,B12,Transactions!$C:$C) -> 0 | D12: 5000 | E12: =D12-C12 -> 5000 | F12: =C12/D12 -> 0
A13: 12 | B13: Robert Wentworth Norman | C13: =SUMIF(Transactions!$B:$B,B13,Transactions!$C:$C) -> 500 | D13: 5000 | E13: =D13-C13 -> 4500 | F13: =C13/D13 -> 0.1
... A18: 17 | B18: Will David Clifford | C18: =SUMIF(Transactions!$B:$B,B18,Transactions!$C:$C) -> 0 | D18: 5000 | E18: =D18-C18 -> 5000 | F18: =C18/D18 -> 0

Sheet Transactions
A1: Date | B1: Member | C1: Amount | D1: Type | E1: Notes
A2: 45865 | B2: Robert Wentworth Norman | C2: 500 | D2: Bank Transfer
A3: 45865 | B3: Daniel Mark Morgan | C3: 500 | D3: Bank Transfer
A4: 45865 | B4: Kristian Hugh Spencer | C4: 500 | D4: Bank Transfer
A5: 46112 | B5: Andrew knight | C5: 100 | D5: Bank Transfer

Sheet Instructions
A1: HOW TO USE THIS TRACKER
A3: 1. MEMBERS SHEET
A4: This is auto-populated with all trip members. Amount Paid is calculated from the Transactions sheet. Do not edit this directly.
A6: 2. TRANSACTIONS SHEET
A7: Add new transactions here monthly. Columns: Date, Member name, Amount, Type (Bank Transfer / PayPal / Check), Notes
A9: 3. SUMMARY SHEET
A10: Shows real-time totals. All numbers update automatically when you add transactions.
A12: MONTHLY WORKFLOW:
A13: • Open this file
A14: • Add all payments from the past month to the Transactions sheet
A15: • Save and upload to the Admin Portal
A16: • System will archive the old version and create a backup
